Year,Tms,#P,PAge,R/G,ERA,G,GF,CG,SHO,tSho,SV,IP,H,R,ER,HR,BB,IBB,SO,HBP,BK,WP,BF,WHIP,BAbip,H9,HR9,BB9,SO9,SO/W,E
2023,30,863,28.9,4.62,4.33,4860,4825,35,21,309,1241,43087.1,40839,22432,20709,5868,15819,474,41843,2112,208,1613,184104,1.315,.297,8.5,1.2,3.3,8.7,2.65,2517
2022,30,871,28.8,4.28,3.96,4860,4824,36,16,341,1232,43075.1,39675,20817,18962,5215,14853,475,40812,2046,122,1607,182052,1.266,.290,8.3,1.1,3.1,8.5,2.75,2573
2021,30,909,28.7,4.53,4.26,4858,4808,50,29,299,1191,42615.0,39484,22010,20162,5944,15794,703,42145,2112,155,1862,181818,1.297,.292,8.3,1.3,3.3,8.9,2.67,2626
2020,30,735,28.3,4.65,4.44,1796,1767,29,12,99,422,15468.2,14439,8344,7638,2304,6092,202,15586,821,63,675,66506,1.327,.292,8.4,1.3,3.5,9.1,2.56,1037
2019,30,831,28.4,4.83,4.49,4858,4813,45,26,268,1180,43423.1,42039,23467,21684,6776,15895,753,42823,1984,153,1788,186517,1.334,.298,8.7,1.4,3.3,8.9,2.69,2898
2018,30,799,28.4,4.45,4.14,4862,4820,42,19,312,1244,43489.0,41018,21630,20025,5585,15686,929,41207,1922,151,1847,185139,1.304,.296,8.5,1.2,3.2,8.5,2.63,2792
2017,30,755,28.5,4.65,4.35,4860,4801,59,27,261,1179,43257.0,42215,22582,20911,6105,15829,970,40104,1763,155,1810,185295,1.342,.300,8.8,1.3,3.3,8.3,2.53,2817
2016,30,742,28.3,4.48,4.18,4856,4773,83,36,276,1276,43306.1,42276,21744,20124,5610,15088,932,38982,1651,148,1808,184580,1.325,.300,8.8,1.2,3.1,8.1,2.58,2835
2015,30,735,28.4,4.25,3.95,4858,4754,104,51,339,1292,43407.2,42106,20647,19075,4909,14073,951,37446,1602,141,1758,183628,1.294,.299,8.7,1.0,2.9,7.8,2.66,2830
2014,30,692,28.5,4.07,3.74,4860,4742,118,65,353,1264,43613.2,41595,19761,18107,4186,14020,985,37441,1652,128,1696,183929,1.275,.299,8.6,0.9,2.9,7.7,2.67,2914
2013,30,679,28.4,4.17,3.86,4862,4738,124,57,331,1266,43653.1,42093,20255,18728,4661,14640,1018,36710,1536,128,1736,184873,1.300,.297,8.7,1.0,3.0,7.6,2.51,2747
2012,30,662,28.4,4.32,4.01,4860,4732,128,69,310,1261,43355.1,42063,21017,19301,4934,14709,1055,36426,1494,165,1542,184179,1.309,.297,8.7,1.0,3.1,7.6,2.48,3009
2011,30,662,28.3,4.28,3.94,4858,4685,173,75,323,1243,43527.1,42267,20808,19032,4552,15018,1231,34488,1554,169,1558,185245,1.316,.295,8.7,0.9,3.1,7.1,2.30,3053
2010,30,635,28.4,4.38,4.07,4860,4695,165,59,329,1204,43305.1,42554,21308,19595,4613,15778,1216,34306,1549,182,1674,185553,1.347,.297,8.8,1.0,3.3,7.1,2.17,3030
2009,30,664,28.4,4.61,4.31,4860,4708,152,63,273,1202,43272.0,43524,22419,20731,5042,16620,1179,33591,1590,138,1600,187079,1.390,.299,9.1,1.0,3.5,7.0,2.02,2857
2008,30,651,28.6,4.65,4.32,4856,4720,136,54,271,1184,43357.2,43972,22585,20790,4878,16337,1310,32884,1672,153,1576,187631,1.391,.300,9.1,1.0,3.4,6.8,2.01,2965
2007,30,666,28.7,4.80,4.46,4862,4750,112,43,243,1198,43425.2,44977,23322,21529,4957,16079,1323,32189,1755,139,1498,188623,1.406,.303,9.3,1.0,3.3,6.7,2.00,2988
2006,30,635,28.8,4.86,4.52,4858,4714,144,63,260,1201,43258.0,45073,23599,21722,5386,15847,1410,31655,1817,145,1522,188071,1.408,.301,9.4,1.1,3.3,6.6,2.00,3067
2005,30,606,29.2,4.59,4.28,4862,4673,189,63,261,1254,43232.1,43991,22325,20562,5017,15207,1216,30644,1797,161,1439,186292,1.369,.295,9.2,1.0,3.2,6.4,2.02,3060
2004,30,632,29.1,4.81,4.46,4856,4706,150,69,251,1230,43394.0,44522,23376,21483,5451,16222,1381,31828,1850,157,1478,188539,1.400,.297,9.2,1.1,3.4,6.6,1.96,3166
2003,30,612,28.7,4.73,4.39,4860,4651,209,72,259,1198,43335.1,44057,22978,21153,5207,15889,1316,30801,1849,158,1546,187449,1.383,.294,9.1,1.1,3.3,6.4,1.94,3171
2002,30,609,28.8,4.62,4.27,4852,4638,214,87,275,1224,43269.0,43272,22408,20527,5059,16246,1452,31394,1746,160,1494,186615,1.376,.293,9.0,1.1,3.4,6.5,1.93,3225
2001,30,591,28.7,4.78,4.41,4858,4659,199,74,229,1210,43287.1,43879,23199,21215,5458,15806,1384,32404,1890,151,1484,186976,1.379,.296,9.1,1.1,3.3,6.7,2.05,3357
2000,30,606,28.8,5.14,4.76,4858,4624,234,72,204,1178,43244.1,45246,24971,22876,5693,18237,1210,31356,1573,161,1518,190261,1.468,.300,9.4,1.2,3.8,6.5,1.72,3447
1999,30,585,28.8,5.08,4.70,4856,4619,237,64,193,1217,43211.1,45327,24691,22554,5528,17891,1107,31119,1579,177,1632,189692,1.463,.302,9.4,1.2,3.7,6.5,1.74,3508
1998,30,557,28.8,4.79,4.42,4864,4562,302,101,244,1265,43434.2,44489,23297,21352,5064,16447,1067,31893,1587,205,1603,188280,1.403,.300,9.2,1.0,3.4,6.6,1.94,3444
1997,28,534,28.5,4.77,4.38,4532,4266,266,89,211,1139,40454.0,41471,21604,19695,4640,15666,1169,29937,1449,188,1482,175541,1.412,.301,9.2,1.0,3.5,6.7,1.91,3237
1996,28,538,28.4,5.04,4.60,4534,4244,290,84,196,1116,40560.2,42320,22831,20741,4962,16093,1343,29308,1404,197,1553,177261,1.440,.301,9.4,1.1,3.6,6.5,1.82,3356
1995,28,552,28.3,4.85,4.45,4034,3759,275,88,204,1006,36032.0,36975,19554,17800,4081,14240,1105,25425,1219,199,1414,156703,1.421,.298,9.2,1.0,3.6,6.4,1.79,2911
1994,28,470,28.6,4.92,4.50,3200,2945,255,69,143,777,28586.1,29743,15752,14304,3306,11131,1008,19766,876,174,1162,124483,1.430,.300,9.4,1.0,3.5,6.2,1.78,2360
1993,28,507,28.5,4.60,4.18,4538,4167,371,99,220,1192,40507.0,41088,20864,18813,4030,15110,1477,26310,1200,298,1473,174564,1.387,.294,9.1,0.9,3.4,5.8,1.74,3483
1992,26,441,28.6,4.12,3.74,4212,3793,419,146,298,1109,37829.2,36544,17341,15710,3038,13682,1315,23538,980,219,1296,160545,1.328,.285,8.7,0.7,3.3,5.6,1.72,3057
1991,26,475,28.3,4.31,3.91,4208,3842,366,107,272,1132,37769.2,36558,18127,16390,3383,13984,1228,24390,905,241,1391,160746,1.338,.285,8.7,0.8,3.3,5.8,1.74,3131
1990,26,483,28.4,4.26,3.85,4210,3781,429,140,260,1113,37563.2,36817,17919,16079,3317,13852,1384,23853,861,288,1355,160316,1.349,.287,8.8,0.8,3.3,5.7,1.72,3180
1989,26,449,28.6,4.13,3.70,4212,3729,483,152,292,1069,37715.0,36293,17405,15516,3083,13528,1446,23650,801,407,1286,160033,1.321,.283,8.7,0.7,3.2,5.6,1.75,3352
1988,26,438,28.5,4.14,3.72,4200,3578,622,182,292,1049,37667.2,36244,17380,15589,3180,12984,1367,23355,918,924,1262,159380,1.307,.282,8.7,0.8,3.1,5.6,1.80,3243
1987,26,426,28.4,4.72,4.28,4210,3649,561,138,212,971,37574.2,37895,19883,17877,4458,14389,1287,25099,842,356,1333,161922,1.391,.289,9.1,1.1,3.4,6.0,1.74,3298
1986,26,416,28.3,4.41,3.96,4206,3627,579,139,236,1004,37674.1,36880,18545,16587,3813,14227,1289,24706,812,289,1323,160858,1.357,.286,8.8,0.9,3.4,5.9,1.74,3450
1985,26,413,28.3,4.33,3.89,4206,3579,627,163,257,977,37658.2,36778,18216,16271,3602,13838,1337,22451,699,227,1140,160320,1.344,.281,8.8,0.9,3.3,5.4,1.62,3424
1984,26,393,28.3,4.26,3.81,4210,3578,632,151,254,993,37704.2,37381,17921,15941,3258,13320,1270,22500,668,283,1129,160566,1.345,.286,8.9,0.8,3.2,5.4,1.69,3527
1983,26,390,28.5,4.31,3.86,4218,3473,745,180,248,977,37742.0,37443,18170,16187,3301,13518,1379,21716,717,266,1076,160615,1.350,.285,8.9,0.8,3.2,5.2,1.61,3498
1982,26,376,28.5,4.30,3.85,4214,3480,734,161,238,932,37878.1,37651,18110,16222,3379,13302,1319,21221,677,256,1091,161104,1.345,.284,8.9,0.8,3.2,5.0,1.60,3452
1981,26,360,28.3,4.00,3.58,2788,2278,510,135,220,605,25095.0,24157,11147,9982,1781,8868,895,13237,464,181,715,105892,1.316,.279,8.7,0.6,3.2,4.7,1.49,2304
1980,26,379,28.0,4.29,3.83,4210,3354,856,189,264,902,37861.1,38144,18053,16126,3087,13190,1435,20212,657,257,1031,161210,1.356,.287,9.1,0.7,3.1,4.8,1.53,3609
1979,26,390,27.8,4.46,3.99,4196,3283,913,175,237,840,37478.1,37911,18713,16617,3433,13601,1366,20035,754,166,1146,160378,1.374,.286,9.1,0.8,3.3,4.8,1.47,3631
1978,26,369,27.6,4.10,3.68,4204,3170,1034,238,305,804,37496.2,36508,17251,15316,2956,13566,1338,20058,772,273,1054,159192,1.335,.280,8.8,0.7,3.3,4.8,1.48,3618
1977,26,371,27.4,4.47,3.99,4206,3299,907,176,238,845,37739.0,38037,18803,16726,3644,13757,1297,21722,791,235,1166,161545,1.372,.287,9.1,0.9,3.3,5.2,1.58,3710
1976,24,325,27.5,3.99,3.51,3878,2839,1039,261,325,683,34925.2,33598,15492,13620,2235,12391,1156,18745,684,176,1047,147598,1.317,.281,8.7,0.6,3.2,4.8,1.51,3459
1975,24,339,27.6,4.21,3.70,3868,2816,1052,223,266,669,34724.0,33863,16295,14271,2699,13402,1338,19280,761,204,1158,148621,1.361,.282,8.8,0.7,3.5,5.0,1.44,3710
1974,24,344,27.6,4.12,3.62,3890,2801,1089,227,286,517,34942.1,33969,16046,14044,2649,12963,1353,19495,774,186,1086,148855,1.343,.282,8.7,0.7,3.3,5.0,1.50,3595
1973,24,330,27.5,4.21,3.74,3886,2825,1061,236,293,819,34878.2,34010,16376,14487,3102,13100,1357,20358,755,95,1199,148789,1.351,.281,8.8,0.8,3.4,5.3,1.55,3447
1972,24,339,27.2,3.69,3.26,3718,2709,1009,295,357,733,33450.1,30434,13706,12109,2534,11727,1378,20718,751,92,1069,139958,1.260,.272,8.2,0.7,3.2,5.6,1.77,3154
1971,24,343,27.1,3.89,3.46,3876,2794,1082,265,315,689,34767.0,32547,15073,13380,2863,12536,1396,20956,821,97,1115,146700,1.297,.276,8.4,0.7,3.2,5.4,1.67,3125
1970,24,363,27.1,4.34,3.88,3888,3036,852,188,234,878,34858.2,33555,16880,15027,3429,13727,1464,22374,825,128,1249,149324,1.356,.281,8.7,0.9,3.5,5.8,1.63,3327
1969,24,360,27.1,4.07,3.61,3892,2910,982,242,300,745,34890.2,32581,15850,13986,3119,13429,1436,22473,882,131,1284,148192,1.319,.276,8.4,0.8,3.5,5.8,1.67,3430
1968,20,287,27.2,3.42,2.98,3250,2353,897,279,339,601,29233.2,25710,11109,9687,1995,9156,1223,19143,778,83,1007,120823,1.193,.269,7.9,0.6,2.8,5.9,2.09,2762
1967,20,315,27.2,3.77,3.30,3240,2458,782,226,274,649,29184.1,26464,12210,10711,2299,9665,1295,19413,751,101,985,121848,1.238,.274,8.2,0.7,3.0,6.0,2.01,2733
1966,20,310,27.4,3.99,3.52,3230,2494,736,194,246,666,29044.0,27207,12900,11363,2743,9331,1088,18805,682,96,1039,121688,1.258,.276,8.4,0.8,2.9,5.8,2.02,2860
1965,20,299,27.7,3.99,3.50,3246,2507,739,191,243,674,29182.1,26952,12946,11345,2688,10036,1130,19283,720,72,1046,122763,1.267,.274,8.3,0.8,3.1,5.9,1.92,2845
1964,20,311,27.7,4.04,3.58,3252,2455,797,221,269,669,29138.1,27669,13124,11592,2762,9621,1015,19212,694,65,979,122993,1.280,.279,8.5,0.9,3.0,5.9,2.00,2847
1963,20,299,28.0,3.95,3.46,3238,2373,865,234,275,588,29105.1,27043,12780,11186,2704,9591,933,18773,714,194,914,122356,1.259,.273,8.4,0.8,3.0,5.8,1.96,2924
1962,20,304,27.7,4.46,3.96,3242,2398,844,168,199,616,29005.0,28521,14461,12748,3001,10936,818,17567,709,92,949,124551,1.360,.281,8.8,0.9,3.4,5.5,1.61,2919
1961,18,254,27.6,4.53,4.03,2860,2115,745,154,173,501,25453.1,25066,12942,11390,2730,9897,732,14952,573,63,780,109572,1.374,.279,8.9,1.0,3.5,5.3,1.51,2673
1960,16,238,27.6,4.31,3.82,2472,1807,665,140,159,430,22203.1,21434,10664,9417,2128,8384,730,12817,488,55,604,94776,1.343,.277,8.7,0.9,3.4,5.2,1.53,2169
1959,16,243,27.9,4.38,3.90,2476,1734,742,158,171,387,22100.1,21636,10853,9587,2250,8184,707,12606,496,60,557,94722,1.349,.277,8.8,0.9,3.3,5.1,1.54,2224
1958,16,250,28.0,4.28,3.86,2470,1727,743,132,145,410,22049.2,21621,10578,9458,2241,8127,680,12228,499,70,526,94149,1.349,.277,8.8,0.9,3.3,5.0,1.50,2085
1957,16,249,28.0,4.31,3.83,2470,1760,710,139,153,391,22344.1,21865,10636,9517,2202,8175,740,11964,511,46,480,95395,1.344,.275,8.8,0.9,3.3,4.8,1.46,2119
1956,16,241,28.5,4.45,3.96,2478,1720,758,127,137,365,22095.0,21653,11031,9734,2294,9000,783,11507,481,43,492,95233,1.387,.274,8.8,0.9,3.7,4.7,1.28,2252
1955,16,258,28.2,4.49,4.00,2468,1720,748,159,178,362,22011.0,21610,11069,9781,2225,9048,736,10825,506,36,477,95024,1.393,.272,8.8,0.9,3.7,4.4,1.20,2224
1954,16,225,28.5,4.38,3.90,2472,1632,840,166,176,358,22126.2,21908,10827,9581,1937,9033,759,10215,441,45,402,95541,1.398,.275,8.9,0.8,3.7,4.2,1.13,2274
1953,16,218,29.2,4.61,4.14,2480,1616,864,156,169,344,22032.0,22459,11426,10134,2076,8689,581,10218,487,50,464,95421,1.414,.280,9.2,0.8,3.5,4.2,1.18,2252
1952,16,236,29.2,4.18,3.70,2478,1530,948,179,193,306,22206.0,21267,10349,9137,1701,8787,705,10394,483,40,405,94809,1.353,.271,8.6,0.7,3.6,4.2,1.18,2273
1951,16,220,28.9,4.55,4.04,2478,1540,938,165,174,277,22208.1,22191,11268,9969,1863,9258,528,9341,449,65,442,96005,1.416,.275,9.0,0.8,3.8,3.8,1.01,2400
1950,16,231,28.5,4.85,4.36,2476,1479,997,138,143,287,21972.2,22559,12013,10643,2073,9955,551,9565,436,123,433,96363,1.480,.280,9.2,0.8,4.1,3.9,0.96,2341
1949,16,214,28.7,4.61,4.12,2480,1501,979,171,177,246,22038.2,22144,11422,10085,1704,10020,510,8946,370,56,449,95844,1.459,.278,9.0,0.7,4.1,3.7,0.89,2289
1948,28,344,28.6,4.63,4.09,2900,1760,1137,165,172,340,25555.2,25995,13421,11614,1683,10990,681,11113,450,49,495,111495,1.447,.277,9.2,0.6,3.9,3.9,1.01,3111
1947,28,358,29.3,4.50,3.95,2982,1747,1233,200,209,329,26252.0,26516,13433,11518,1734,10859,914,11491,446,53,469,113716,1.424,.275,9.1,0.6,3.7,3.9,1.06,3068
1946,28,403,29.7,4.17,3.59,2956,1663,1288,218,238,267,26154.1,25718,12325,10425,1362,10331,773,11816,417,41,397,112795,1.378,.274,8.8,0.5,3.6,4.1,1.14,3360
1945,28,358,29.8,4.29,3.65,2882,1511,1371,210,217,246,25613.1,25793,12363,10395,1119,9555,796,10054,427,58,399,110686,1.380,.275,9.1,0.4,3.4,3.5,1.05,3449
1944,28,343,29.6,4.25,3.58,2906,1524,1371,201,209,242,25967.2,26093,12342,10328,1131,9104,744,9989,435,47,429,111486,1.355,.276,9.0,0.4,3.2,3.5,1.10,3541
1943,29,335,29.6,4.11,3.51,2992,1381,1383,232,243,272,26768.1,26078,12286,10436,1019,9928,604,10768,414,56,409,114329,1.345,.271,8.8,0.3,3.3,3.6,1.08,3581
1942,28,319,28.8,4.17,3.54,2883,1320,1355,207,212,216,25628.2,24807,12021,10075,1071,9633,643,10193,412,44,426,93929,1.344,.266,8.7,0.4,3.4,3.6,1.06,2718
1941,28,332,28.8,4.53,3.92,2927,1586,1341,195,200,247,25855.2,26237,13247,11258,1483,10165,725,10835,421,40,524,112523,1.408,.275,9.1,0.5,3.5,3.8,1.07,3493
1940,29,346,28.5,4.77,4.21,2962,1620,1341,158,164,269,26069.1,27256,14121,12198,1761,9948,668,11252,469,66,506,113970,1.427,.280,9.4,0.6,3.4,3.9,1.13,3630
1939,30,330,28.7,4.86,4.27,2841,1435,1226,147,152,267,25019.1,26681,13804,11878,1445,9582,603,10114,421,49,444,95917,1.449,.287,9.6,0.5,3.4,3.6,1.06,2839
1938,30,348,28.3,4.96,4.30,2936,1599,1332,150,156,243,25754.0,27587,14572,12315,1681,10117,574,10636,441,45,464,113446,1.464,.284,9.6,0.6,3.5,3.7,1.05,3618
1937,30,338,28.4,4.99,4.34,2967,1582,1381,162,166,242,26030.1,28290,14817,12547,1645,9849,594,11307,423,44,454,114453,1.465,.291,9.8,0.6,3.4,3.9,1.15,3671
1936,23,267,28.5,5.24,4.56,2784,1401,1234,130,134,258,24674.0,27802,14599,12491,1541,9422,562,9554,477,41,569,109638,1.509,.298,10.1,0.6,3.4,3.5,1.01,3414
1935,24,275,28.2,5.04,4.34,2830,1364,1291,166,167,237,25075.1,27733,14250,12105,1529,9051,498,9610,452,37,439,110524,1.467,.293,10.0,0.5,3.2,3.4,1.06,3504
1934,24,263,28.6,4.89,4.26,2744,1386,1249,162,167,247,24207.1,26589,13419,11473,1439,8663,479,9799,380,41,441,106332,1.456,.294,9.9,0.5,3.2,3.6,1.13,3179
1933,25,242,29.2,4.55,3.85,2734,1340,1301,179,181,229,24330.1,25557,12445,10417,1172,8045,358,8735,432,35,406,105260,1.381,.283,9.5,0.4,3.0,3.2,1.09,3259
1932,34,333,27.9,4.88,4.12,3045,1432,1504,163,166,205,27042.2,29193,14874,12349,1443,9058,355,10137,492,41,411,107319,1.414,.286,9.7,0.5,3.0,3.4,1.12,3420
1931,22,242,28.8,4.84,4.13,2678,1354,1324,145,148,204,23754.1,25914,12962,10893,1143,8328,377,8801,430,42,364,104023,1.442,.293,9.8,0.4,3.2,3.3,1.06,3361
1930,25,273,28.0,5.51,4.80,3043,1373,1440,123,124,252,26810.0,30971,16779,14290,1565,9258,275,10295,474,36,433,97219,1.501,.303,10.4,0.5,3.1,3.5,1.11,3042
1929,29,325,28.7,5.31,4.54,3391,1461,1718,172,174,255,29785.0,33597,18007,15025,1562,10913,333,10434,611,44,447,112604,1.494,.296,10.2,0.5,3.3,3.2,0.96,3760
1928,29,321,28.4,4.83,4.07,3235,1289,1644,176,176,259,28656.0,31009,15623,12973,1438,9633,308,9957,740,26,372,124789,1.418,.290,9.7,0.5,3.0,3.1,1.03,4369
1927,31,337,28.3,4.84,4.02,3553,1421,1847,191,193,234,31362.2,34004,17205,13996,1126,10599,,10794,737,43,456,111876,1.422,.290,9.8,0.3,3.0,3.1,1.02,4007
1926,32,335,27.7,4.83,4.07,3422,1568,1715,179,183,260,30092.0,32241,16529,13596,1330,10765,,10455,846,53,411,131192,1.429,.289,9.6,0.4,3.2,3.1,0.97,4934
1925,32,348,27.7,5.24,4.56,3502,1249,1760,151,153,215,30933.0,34807,18345,15658,1169,10827,,10380,648,35,439,136187,1.475,.294,10.1,0.3,3.2,3.0,0.96,3291
1924,33,357,27.2,4.90,4.10,3431,1502,1764,175,182,217,30319.0,33200,16812,13826,1060,9964,,10502,848,65,431,115437,1.424,.292,9.9,0.3,3.0,3.1,1.05,4123
1923,30,330,27.4,4.99,4.05,3300,1499,1706,159,164,221,29314.1,32111,16483,13202,1355,9943,,10044,810,44,466,128024,1.435,.293,9.9,0.4,3.1,3.1,1.01,4555
1922,24,269,27.4,4.99,4.15,3040,1234,1583,172,175,190,27028.0,29900,15156,12470,1288,8826,,9339,782,55,448,117859,1.433,.297,10.0,0.4,2.9,3.1,1.06,4303
1921,24,280,27.1,4.88,3.99,3131,1185,1717,162,171,209,27867.0,30665,15264,12354,1137,8627,,9697,838,50,407,120889,1.410,.298,9.9,0.4,2.8,3.1,1.12,4885
1920,24,276,27.0,4.40,3.47,2982,1072,1734,215,220,169,26795.0,27602,13113,10327,722,8403,,9438,711,50,469,112525,1.344,.288,9.3,0.2,2.8,3.2,1.12,4527
1919,16,197,27.6,3.87,3.07,2236,929,1301,189,192,100,20109.1,19599,8655,6849,447,5981,,6870,533,43,374,82721,1.272,.285,8.8,0.2,2.7,3.1,1.15,3186
1918,16,203,27.2,3.63,2.77,2032,749,1280,196,204,113,18393.0,17064,7380,5656,235,5728,,5875,458,23,299,75732,1.239,.276,8.3,0.1,2.8,2.9,1.03,3064
1917,16,175,26.7,3.58,2.68,2494,1113,1380,248,258,163,22503.2,20351,8932,6706,335,6888,,8641,577,38,415,91106,1.210,.275,8.1,0.1,2.8,3.5,1.25,3746
1916,16,187,26.6,3.56,2.72,2494,1181,1314,233,244,182,22511.1,20311,8888,6800,383,7088,,9525,625,50,500,90990,1.217,.276,8.1,0.2,2.8,3.8,1.34,3783
1915,24,285,26.7,3.81,2.90,3728,1666,2057,348,359,237,33325.1,30459,14215,10746,635,11123,,14115,1010,69,734,135457,1.248,.279,8.2,0.2,3.0,3.8,1.27,5876
1914,24,264,26.5,3.87,2.91,3758,1681,2067,341,357,238,33509.0,31108,14530,10823,710,11145,,14953,1000,50,799,136801,1.261,.284,8.4,0.2,3.0,4.0,1.34,6438
1913,16,229,26.3,4.04,3.07,2468,1143,1319,196,204,162,22067.2,21025,9965,7517,470,7322,,9459,691,50,516,91617,1.285,.288,8.6,0.2,3.0,3.9,1.29,4045
1912,16,238,26.5,4.52,3.37,2464,1022,1432,160,166,134,21880.0,21991,11148,8189,442,7662,,9786,719,45,560,91716,1.355,.300,9.0,0.2,3.2,4.0,1.28,4470
1911,16,213,26.8,4.51,3.36,2474,1034,1438,167,172,137,22044.0,21894,11157,8242,514,7917,,9885,837,49,539,91535,1.352,.298,8.9,0.2,3.2,4.0,1.25,4535
1910,16,202,27.1,3.84,2.77,2498,951,1551,233,242,125,22373.2,20328,9589,6882,361,7487,,9698,805,34,540,89841,1.243,.279,8.2,0.1,3.0,3.9,1.30,4440
1909,16,203,27.0,3.55,2.53,2482,868,1619,273,279,114,22213.0,19641,8811,6244,259,6663,,9355,767,38,565,88590,1.184,.273,8.0,0.1,2.7,3.8,1.40,4489
1908,16,172,27.9,3.38,2.37,2488,810,1677,289,296,108,22310.0,19242,8421,5866,267,6119,,9110,768,30,471,88857,1.137,.267,7.8,0.1,2.5,3.7,1.49,4234
1907,16,161,28.1,3.53,2.50,2466,637,1828,280,290,90,21823.1,19657,8711,6068,244,6312,,8696,775,20,469,87494,1.190,.273,8.1,0.1,2.6,3.6,1.38,4241
1906,16,155,27.9,3.62,2.66,2454,546,1910,277,284,86,21706.0,19701,8883,6409,261,6258,,9098,770,28,462,87112,1.196,.276,8.2,0.1,2.6,3.8,1.45,4243
1905,16,144,27.6,3.90,2.82,2474,499,1976,224,231,44,21980.2,20219,9651,6887,338,6272,,9569,830,22,541,88956,1.205,.277,8.3,0.1,2.6,3.9,1.53,4539
1904,16,129,27.5,3.73,2.66,2496,308,2186,249,251,39,21998.2,20358,9307,6505,331,5742,,9303,801,47,508,90038,1.186,.275,8.3,0.1,2.3,3.8,1.62,4704
1903,16,141,27.2,4.44,3.11,2228,323,1909,167,168,49,19643.0,19770,9899,6792,335,5445,,7966,764,12,447,81634,1.284,.289,9.1,0.2,2.5,3.6,1.46,4679
1902,16,160,26.6,4.44,3.17,2230,276,1954,158,160,33,19726.1,20350,9896,6948,354,5442,,6656,770,16,412,82560,1.307,.289,9.3,0.2,2.5,3.0,1.22,4749
1901,16,139,26.4,4.99,3.49,2218,305,1913,122,124,35,19543.0,20957,11069,7573,455,5465,,6977,873,18,467,83506,1.352,.294,9.7,0.2,2.5,3.2,1.28,5331
1900,8,70,27.1,5.22,3.69,1136,201,934,68,68,13,9914.0,10925,5932,4070,254,3034,,2697,530,16,220,42723,1.408,.295,9.9,0.2,2.8,2.4,0.89,2757
1899,12,119,26.3,5.25,3.85,1842,249,1593,89,90,33,15888.1,17741,9672,6793,352,4979,,3867,894,61,361,68816,1.430,.297,10.0,0.2,2.8,2.2,0.78,4457
1898,12,113,25.8,4.96,3.60,1840,231,1609,85,87,17,15954.2,16955,9129,6387,299,5092,,4247,888,15,381,68706,1.382,.286,9.6,0.2,2.9,2.4,0.83,4387
1897,12,98,25.5,5.91,4.30,1614,252,1362,49,51,26,14004.0,16523,9536,6693,368,4729,,3734,750,8,401,62211,1.518,.307,10.6,0.2,3.0,2.4,0.79,4029
1896,12,108,25.8,6.04,4.36,1584,278,1306,55,57,28,13762.0,16141,9560,6665,404,4854,,3523,636,4,411,61138,1.526,.305,10.6,0.3,3.2,2.3,0.73,4081
1895,12,105,25.4,6.60,4.77,1594,307,1287,46,46,44,13807.0,16827,10514,7322,488,5120,,3623,668,4,396,62634,1.590,.310,11.0,0.3,3.3,2.4,0.71,4619
1894,12,115,25.3,7.39,5.33,1596,297,1299,29,31,37,13831.1,17809,11796,8187,629,5870,,3333,602,3,488,64116,1.712,.320,11.6,0.4,3.8,2.2,0.57,4853
1893,12,98,25.2,6.57,4.66,1570,276,1294,43,43,33,13864.1,15913,10315,7180,460,6143,,3342,639,6,521,63724,1.591,.291,10.3,0.3,4.0,2.2,0.54,4581
1892,12,92,25.3,5.11,3.28,1836,213,1623,89,90,24,16106.2,15643,9382,5878,417,6178,,5978,561,1,603,70683,1.355,.265,8.7,0.2,3.5,3.3,0.97,5580
1891,17,126,24.8,5.70,3.53,2216,318,1898,95,99,49,19453.2,19709,12635,7620,585,8035,,7656,985,6,1013,86760,1.426,.275,9.1,0.3,3.7,3.5,0.95,7053
1890,25,186,24.6,6.02,3.88,3218,339,2879,134,135,48,28168.0,29445,19383,12150,764,11721,,10946,1348,23,1598,126492,1.461,.271,9.4,0.2,3.7,3.5,0.93,10696
1889,16,122,24.6,5.97,3.93,2176,246,1930,91,91,38,19020.1,20108,12986,8310,667,7317,,7685,793,1,1131,84510,1.442,.286,9.5,0.3,3.5,3.6,1.05,7460
1888,16,117,24.2,4.88,2.95,2180,78,2102,154,154,11,19261.2,18001,10633,6304,521,4726,,8234,830,8,1333,81057,1.180,.262,8.4,0.2,2.2,3.8,1.74,7517
1887,16,130,24.4,6.35,4.17,2112,95,2017,73,73,17,18370.0,20225,13413,8517,606,6052,,5915,751,10,1298,81427,1.430,.288,9.9,0.3,3.0,2.9,0.98,8063
1886,16,131,24.9,5.49,3.37,2098,94,2004,101,103,11,18282.0,17975,11513,6847,413,5573,,9051,310,7,1468,78967,1.288,.257,8.8,0.2,2.7,4.5,1.62,7927
1885,16,108,24.7,5.22,3.03,1780,70,1710,110,113,14,15720.1,15308,9292,5296,323,3529,,6704,333,37,1212,66607,1.198,.254,8.8,0.2,2.0,3.8,1.90,7009
1884,33,204,24.3,5.43,3.11,3074,189,2881,193,194,17,26909.0,26549,16706,9307,688,4933,,14817,472,13,2179,115239,1.170,.248,8.9,0.2,1.6,5.0,3.00,14555
1883,16,86,25.2,5.75,3.22,1570,121,1449,74,75,13,13875.2,14828,9030,4958,238,2329,,5294,,1,786,60043,1.236,.267,9.6,0.2,1.5,3.4,2.27,7669
1882,14,69,25.3,5.33,2.80,1142,62,1080,66,66,2,10149.1,10332,6092,3161,178,1589,,3341,,1,598,43328,1.175,.258,9.2,0.2,1.4,3.0,2.10,5438
1881,8,29,23.6,5.10,2.77,672,41,631,52,52,3,5988.1,6331,3425,1846,76,1036,,1784,,4,343,25411,1.230,.278,9.5,0.1,1.6,2.7,1.72,2782
1880,8,32,22.7,4.69,2.37,680,72,608,51,52,13,6031.1,5943,3191,1591,62,739,,1989,,0,294,25041,1.108,.264,8.9,0.1,1.1,3.0,2.69,2949
1879,8,25,23.0,5.31,2.50,642,33,609,44,45,2,5797.0,6171,3409,1608,58,508,,1843,,0,363,24666,1.152,.275,9.6,0.1,0.8,2.9,3.63,3127
1878,6,21,22.2,5.17,2.30,368,16,352,25,25,1,3324.0,3537,1904,851,23,364,,1081,,0,236,14017,1.174,.280,9.6,0.1,1.0,2.9,2.97,1778
1877,6,19,24.2,5.67,2.81,360,34,326,20,20,4,3241.0,3705,2040,1011,24,346,,726,,0,202,14009,1.250,.285,10.3,0.1,1.0,2.0,2.10,1858
1876,8,34,24.4,5.90,2.31,520,48,472,46,47,13,4739.1,5338,3066,1215,40,336,,589,,0,187,20536,1.197,.272,10.1,0.1,0.6,1.1,1.75,3124
1875,13,42,24.3,6.14,2.23,690,69,621,49,51,18,6190.1,6812,4234,1531,40,249,,675,,5,330,27082,1.141,.259,9.9,0.1,0.4,1.0,2.71,4802
1874,8,17,24.7,7.48,2.19,464,25,439,15,15,3,4169.2,5224,3470,1015,40,238,,357,,0,127,19342,1.310,.277,11.3,0.1,0.5,0.8,1.50,3775
1873,9,25,21.3,8.99,3.40,398,36,362,8,8,9,3584.2,4926,3580,1353,47,335,,278,,1,124,17294,1.468,.293,12.4,0.1,0.8,0.7,0.83,3191
1872,11,21,21.1,9.26,3.65,366,39,327,10,11,7,3286.0,4467,3390,1334,37,263,,265,,2,202,15928,1.439,.288,12.2,0.1,0.7,0.7,1.01,2746
1871,9,19,24.3,10.47,4.22,254,23,231,4,4,4,2250.0,3101,2659,1055,47,393,,175,,2,208,11215,1.553,.288,12.4,0.2,1.6,0.7,0.45,1934
